rouge_l,latency_ms,input_token_length
0.7118438488424522,1156.8253197517533,175.76240317977297
0.73279229978441,1198.4398255530457,175.46585891616147
0.7417278893315671,1200.9008436022223,162.04356827369986
0.7877537531468038,1223.6315172921702,176.6990980829856
0.7611310624906752,1131.6570818359587,187.32829081821745
0.7232903686180022,1229.6283636923665,167.25767880923206
0.7597207257883527,1064.7804184198612,190.4848265105059
0.7190539202212327,1168.5057723818095,184.87774821084338
0.7716538210777415,1175.5863078774228,172.65766678028962
0.7405775069636424,1231.666341303562,178.58470362662152
0.7481272762252166,1201.1315426338435,195.98321807641034
0.7765159329508438,1129.7218473071857,187.33547813505865
0.724256728628315,1150.7503437091493,180.08783654898147
0.7220576362977402,1209.9340004773703,177.62316683039015
0.7383280134730799,1196.0466329067722,180.76609070451659
0.7707675770203863,1171.0437945182127,174.88236442057698
0.7196130784904632,1175.958310524401,158.95250494280987
0.6933568880377886,1234.8083998579646,200.4217791053473
0.74097682283182,1174.1153713565393,181.55324999199402
0.7610348159982184,1195.5954377985463,183.98147265122537
0.7740052349947766,1308.496829404027,179.4209225012309
0.740736772758292,1128.8158681558039,172.6488319927541
0.74177146785768,1107.4078634212672,178.1407551905123
0.773078014685115,1239.1794832399303,164.0060523780569
0.7126051660060916,1166.067846935295,202.77086498053305
0.7422295844963398,1184.088123612869,167.65488001577603
0.7538084777985011,1160.9421810934443,169.6803371615282
0.7589843744257007,1187.0099929616244,175.597407956136
0.7398038661361823,1279.926905604817,192.88075724852376
0.7506888202341169,1240.1064229309059,180.14508999262654
0.7002334529317402,1243.1111755943489,167.63864203969538
0.736835031753323,1129.1886472103677,192.5433836075734
0.7590701742510894,1142.4423131723565,187.31000626785482
0.7303541193149065,1058.0460670257287,185.38434957216452
0.751179684431792,1159.5309589458623,187.1573424117084
0.758937450016054,1247.8351593192829,203.9436190058245
0.7431490159828447,1225.8473257874186,201.85094895036113
0.7534092754199314,1188.9243368523937,173.13284656996706
0.7307453486943077,1198.8849858140973,196.23884992811153
0.7458677744060791,1165.5557228712298,183.831681897589
0.7622043233917845,1210.2379441200892,184.9909581613775
0.7531394592193686,1238.2939139740308,163.07729168356673
0.7382693746087213,1119.2056606294764,178.29614234611805
0.7544843280858159,1214.9823843918673,171.87176409663437
0.7642921958127323,1246.6217435477333,188.28058814893308
0.7090011744284505,1179.2449855518316,190.71080500402806
0.7731814812991179,1235.035030606029,159.2551364898369
0.7432749052263785,1340.7327222236277,179.77965135995728
0.7585097986648046,1194.7828603506555,191.21861504794254
0.7739449384729046,1219.6653525002662,178.13321037686555
0.7225665260553906,1163.0971458169304,187.29063645002364
0.7358111799514491,1209.0625581301026,183.51165467627084
0.7442290260824859,1223.0135812491153,183.41660231952628
0.7343249295775114,1209.742117013507,177.28685021931702
0.7846987315167362,1149.015234014557,167.83419195864292
0.7328645581234642,1210.3180885662725,168.78469852574972
0.7388890644102627,1273.1097969358818,187.09352514455318
0.7540877806320595,1222.4317882257265,180.19458255518884
0.7259570094784782,1248.0993594535921,178.61487755392776
0.7420863857648747,1188.1494014993687,175.76109957677647
0.7563490652250036,1237.4950119711855,176.9481115451925
0.7433427919123498,1213.9633919108262,190.4691179448814
0.7481322628220011,1152.4544635156385,176.64755918131974
0.7394133577510326,1215.9260502399438,166.5893528669843
0.7197105938163847,1150.4151668279844,187.43651775540172
0.7564318642267848,1168.3559862557604,177.95123336135282
0.7850986614329448,1209.4664153646188,180.31395865532775
0.7503680326156688,1214.8622136690062,196.07578306399512
0.754505282344951,1140.5383767461435,179.79439442649493
0.7638544551023372,1252.6992885591437,182.89183673118725
0.724613390069066,1228.6003139150237,168.21076508701674
0.7840502931625921,1164.763578219456,177.8033054764904
0.754046575928456,1123.1207601775413,186.09526045208602
0.7826371379817821,1192.7547710459285,164.44626266158758
0.7353393400895202,1177.702814306942,182.00845093115709
0.7863612384511565,1205.6570228526512,181.00791072644807
0.7655031098806957,1181.8441669422216,180.4128745558744
0.7610608017170472,1099.6271569627495,190.37158898658242
0.754680489087063,1180.5826530849422,183.3443851484852
0.745029427638511,1184.7190444465843,194.78071898356444
0.7740106331694775,1231.683051238703,170.06410484405964
0.7528071973969609,1165.0900162694475,181.35924567218348
0.7106586059282569,1283.9337336686283,180.84466786389947
0.7276562707658599,1104.4179724674123,169.3074550624492
0.746283084956145,1265.5583748901313,189.56295002091346
0.7561999796633111,1188.7840514560949,203.24673305852818
0.7488682302220021,1242.9792436171779,179.8299392551617
0.7743794157958732,1203.9900742029367,185.05021088273767
0.7109779627192275,1256.9777768012734,180.84518475815327
0.7528717587301033,1180.6319017723595,172.86415330092825
0.7136404154922569,1145.0689787411093,161.79239722197983
0.7651942459096833,1271.0252143635532,172.94226516904635
0.7481108257111599,1194.325967705893,166.08041619048268
0.7583921994404824,1211.0779236812105,197.04102078059117
0.7327223407882046,1261.7375957022398,178.8489030607676
0.7755892986331551,1148.4022378952782,176.54080670952828
0.770834493281177,1229.7745448819628,188.89153824787806
0.7616708860602378,1170.5052621768555,168.78248897144113
0.7474096550627312,1193.3915322177813,172.33135961995447
0.7615971457059026,1203.6139482692145,180.6807226924862
0.735862148640253,1124.9889069276533,190.28768991423482
0.7671111131804143,1161.0581478589784,185.01685045168787
0.7829896178864784,1267.553644620657,182.4832514251588
0.7714122111995837,1244.3095594292397,180.78117735236017
0.7354079506038518,1196.8680211336382,184.00235855526776
0.7572283463454621,1212.1561729256446,182.01652905129254
0.7241371691248271,1185.2878747181771,169.70027725223065
0.7614478062235135,1267.829169291399,180.46079221633153
0.7590120682572508,1189.9823711102918,169.26311341082248
0.7126036732093567,1211.5921046067424,180.81082542900825
0.7267643231217528,1257.3015072071032,175.1935205851176
0.7443372220651246,1161.1314257577046,205.3938162278286
0.7439828050571835,1277.9394592248448,179.60105616248288
0.7258104612916239,1123.4769295128312,165.9576043373841
0.7577795745870437,1281.48210655564,178.65819789323075
0.7550294721788102,1181.3662208024014,185.19358745637888
0.7461146173604296,1187.865062608736,196.73363946152523
0.7348841699968327,1105.4994914408528,174.1054760006128
0.7709741425283313,1177.2602641311153,164.1757202597636
0.783108142261766,1148.0096734486558,188.16837011430982
0.7403287703230692,1169.6176827313263,166.19401294100348
0.7377566616569036,1193.134451710556,175.63844558492514
0.7598241533082399,1247.8895807236454,177.42379514489005
0.7428394124050602,1210.3801675700313,179.30366546699892
0.7472120559867353,1215.3838326700557,186.89164457074335
0.7647930630344935,1145.2240305577218,173.16365717713612
0.7118128782498542,1155.9622955198636,177.2627074783324
0.7763660464970534,1289.9362509175655,179.85729647050613
0.7514536104865869,1163.2399482618378,181.49597957518787
0.7417701371087564,1282.8104126028647,180.97827174707922
0.748215316915571,1187.8469400559566,184.3600577522258
0.7492485871004104,1200.1143968071751,188.43839509641737
0.7153759739311015,1253.5182580114965,183.9263411565097
0.7798987645490647,1263.5946210969328,184.53585523509219
0.7508265126454123,1194.4593719860457,164.1777683325352
0.7588600426089475,1180.5878473239231,180.5022769916568
0.7690309954114809,1197.2039775738892,184.7950754800161
0.729576750848794,1216.897876411606,187.2894119457045
0.7594694379807045,1244.5651843434878,173.07649225766207
0.7446471781820241,1200.2114929497077,173.40960725111356
0.7669354155043299,1230.9443149011577,174.25899324716403
0.7074554515929701,1281.917986613547,185.36413899891343
0.7480181139951746,1219.0654806132393,190.33881054924208
0.7379435868843207,1215.582642800239,175.925398927084
0.7586452590126831,1124.0544587454965,189.0796231362705
0.759400883747364,1068.463493158547,181.23479809164593
0.7358474821035594,1219.4187864615085,178.75714222837564
0.7357565227164792,1195.2587884359564,177.8861577018203
0.7477866926288534,1174.260866254263,187.46611364602157
0.7320671554536958,1212.1765102093173,183.2557781678707
0.7668396739090425,1196.9798135401545,202.75825427647638
0.7426158559910511,1256.389012531695,171.47775357002675
0.6918602356135671,1204.305543412949,185.18101702029975
0.7425035588675639,1162.6538357464917,174.70798990188487
0.7292291235831205,1249.5083119479646,171.30713013011356
0.717374483690781,1189.14344625269,179.89132862965027
0.7252514672355486,1226.3268341836153,181.37352479407036
0.7521881694366594,1176.12946469036,209.18173555060093
0.7765728165649646,1167.5086557251282,178.15854184316797
0.7562636894772996,1204.2084115092848,168.69821270515317
0.7378699322356852,1200.6414321771842,182.73010717494387
0.7591180839034141,1223.9913517683417,159.25359962453632
0.7408181937956202,1186.5677123345129,179.08043217395735
0.7361079926167371,1108.18201081148,180.1602528229516
0.7269127466353403,1178.3613058205806,187.9460038294521
0.7149634238649656,1239.6909233571907,189.73622249427848
0.742201525868811,1185.1311960378446,174.96430381092281
0.7531610697984026,1187.6808298742726,178.49385985370066
0.7480675265997022,1249.3188252952968,172.33879169389328
0.7416806614410528,1164.4013386370539,168.71937445192307
0.7310850787860643,1122.859839087855,183.09894779380633
0.7621649238336994,1191.9684440237252,167.264144514034
0.7236573616010683,1175.7913024375632,175.85373099428136
0.7655205582768695,1151.6876840123373,170.04826040100764
0.7299556596214655,1191.2310772050655,185.4968318629026
0.7349512952529393,1224.5752823623393,198.0143009926649
0.7206642961876865,1199.5355719216093,166.98412017196668
0.7399719570622872,1215.349053634312,161.46981517102432
0.7695062491695596,1290.670384925771,178.75113114649932
0.7603125617688792,1182.8560569221218,180.15697795957757
0.7695684422405606,1213.9174317322336,182.18659306757297
0.7604428509186787,1174.5393318700433,175.53679484765655
0.7279266034293926,1157.6820140056514,177.9936070117457
0.7433842155134488,1170.7546173291114,183.67510410540604
0.7343960174176507,1176.0620714239155,190.40430892644838
0.7766114980807808,1217.9737898773562,160.44951229681718
0.7260642270714738,1317.453789335038,176.31060560968538
0.7678739537877822,1164.197828186208,182.13808793941064
0.7678590774021754,1179.168734719227,170.82023895389264
0.7865924040343217,1196.8438493444376,197.311696317673
0.74180626814741,1219.7899424354873,173.64590119771262
0.7642464431916033,1213.1775405977392,179.58707312992718
0.7956330367307769,1264.2047896974059,185.5602209684229
0.7376471664613261,1078.6803964732396,174.08715211198106
0.7192991950493528,1080.6535064902164,161.53426952195582
0.7123997993218447,1175.2060913994926,175.71345473083466
0.7642542405772266,1254.8650093771855,190.29440555927042
0.7123369958388284,1121.7175984197202,176.63104873214863
0.7425536189412415,1049.6183830153122,171.5356569854102
0.7587462637407792,1228.5589703109604,189.25672209502721
0.7537035107365982,1212.1828611851356,176.69225103976947
0.7585088972836834,1145.4895796600285,174.89839186349784
0.7544457971160171,1150.7230199639534,181.4945608966331
0.7755773162662679,1151.5128140182662,187.70750209618788
0.730953672385224,1205.526765873697,203.81713531732547
0.7364600972308294,1168.6842361908496,188.27236107657424
0.7345468110945835,1224.703195948776,191.59839966388344
0.7666038362372523,1057.2686668547803,174.94033801012145
0.7680079717679013,1157.15740674361,169.74131894030523
0.7590245063863702,1143.6973019544475,180.62331349619123
0.7736698733377986,1187.1829660813753,181.07169915259595
0.7264391826524724,1173.097612075493,169.21487258635403
0.7833444822310227,1239.8921889947883,178.24705470095986
0.7804647724342452,1107.0331614169972,183.9931760171913
0.7647124399449149,1202.2745738165377,183.6039339501808
0.7856359781754212,1227.9168211605852,185.04287853384272
0.7168675358464445,1292.8323718280976,182.90964730137443
0.739511037274747,1175.9117014453263,174.92991340729944
0.735293930786361,1216.2229302176258,174.86099373351158
0.7644295864751469,1109.8068603718818,168.01048602006125
0.7289971852079571,1080.4021897843488,197.84775039185095
0.7651499029867497,1242.238718789085,180.13450364619294
0.7774107228799343,1199.7219853175964,177.75146944205147
0.76390405800168,1258.925634489921,170.7120791854754
0.75567502047323,1131.3298555515125,209.3565790232778
0.7302425331819851,1225.9951069764377,169.26671967777105
0.7330629806774928,1293.4408920271926,175.71152074393927
0.7749923781059334,1220.9852804178634,184.1583683628606
0.7655869800781067,1213.8290752795524,186.00212965744277
0.7492196096124492,1200.4278040412175,189.57932055215684
0.7416418090846821,1121.4559271437045,198.07608507769262
0.7094838425377724,1267.7786467855174,185.06157655460711
0.7285829516263113,1169.4571180097466,169.4396920003333
0.7882283817427944,1225.224162819151,177.43054874878217
0.7243908885799507,1121.8482846714373,183.07832372513886
0.7537895964244216,1141.027016774611,200.68226041505824
0.770148879463904,1271.7543699611117,166.02194521575703
0.7249015466399541,1182.6348855521078,192.02576505225227
0.7536942094956217,1272.6637738021273,181.79914369546418
0.7687583107502131,1196.0884670470741,188.3783053522948
0.750249986438145,1107.905111352107,178.98005283364068
0.8073680611133354,1244.603379986586,171.57567369873675
0.7166280148224361,1170.5053841122196,187.5087277940133
0.7711745705976776,1234.934440675852,186.54431027105622
0.7465439652520707,1201.260543377004,189.72056965739722
0.7654384030967335,1122.8440886028566,179.86695364621366
0.7588261430339849,1208.2147382685284,174.00177976680152
0.7353368760578001,1309.81115710764,164.41213004976157
0.7545799278491868,1224.649322925723,188.19373268139407
0.7128419709720343,1197.1241123497268,184.23889482443985
0.7620649500114278,1253.7671700978449,170.3421736713604
0.7559631693198106,1210.5334232601556,174.61426326703375
0.762773203372862,1210.4767115131397,175.3324118804856
0.771162366501743,1145.418741392045,165.1701556801758
0.7573523968041942,1211.69240128948,171.82317603394867
0.7529617883959655,1251.7721708208474,168.66169643193646
0.7323786332667741,1158.1968923949987,175.87520988112064
0.735755584727019,1271.2247910623473,172.61302501670437
0.7737346924035466,1195.4146987927436,163.7299507913325
0.7787267081141196,1155.611524423073,200.2259023056948
0.7452377912737589,1249.8816038460122,192.5254073102923
0.7509200549450655,1185.6602882130865,172.20980578480015
0.7319077125001247,1237.9757443743053,182.7242139665361
0.773455136905349,1185.412068387073,184.17465089821295
0.7633083364738356,1197.0086928235048,191.91085854773476
0.788824348729275,1224.6780102167145,171.81394973339923
0.7324335384564052,1214.5448528795002,190.92106783982427
0.7424398420196356,1100.223410977413,174.52094695793065
0.7546289184505115,1143.9378129952804,166.64137595831386
0.7629297907545154,1246.4704992395407,187.24136559314496
0.7456866472490473,1193.3931705549226,192.90758424122427
0.732540778190926,1173.813434861429,205.87908973530685
0.7676281505784714,1132.0712992371264,168.00274734909786
0.7644227072509117,1146.0131839362075,186.9891968508079
0.7316745179887255,1098.9100680019026,175.90198756206468
0.7771088560221099,1194.9359640649234,187.83358710524033
0.773403974183932,1170.0781209709476,165.2951044876875
0.7526859299449559,1151.6706054507342,167.37230224301436
0.7515919572475207,1196.5938287416022,172.24125176833516
0.7610811554223181,1218.1985315426368,180.78964045668084
0.7327659385948748,1304.6598966104973,173.58918733461644
0.7506006295832817,1124.4058290218393,186.5905434391342
0.7069523291078164,1257.9690521650261,190.26894618257916
0.7675291129100588,1248.6550780507537,185.99577541245355
0.7187701355511628,1161.045363031165,196.1878763966087
0.78006839656858,1210.1617977293015,184.15826629455344
0.743397598120671,1177.1183375331193,167.83103289659832
0.7457666603613765,1209.2844290209368,193.63376513538338
0.7374453218783099,1275.4565506702274,173.94843764394003
0.7442392225215585,1230.2803116315656,189.1041849968557
0.7783706269029608,1225.430418661672,195.73734216555107
0.7002438268692984,1178.484534002268,184.566880107304
0.7755393077217637,1125.7971667537831,165.0384118683535
0.7567604696220341,1189.5765894729795,170.81787833490208
0.7258595670428557,1260.3304077431958,193.22744466885135
0.7284937521390152,1123.6416071705175,178.30877314357184
0.783527860544164,1147.2455315911652,180.79573534942165
0.7310898624011454,1206.3133868117034,187.58824416163608
0.7269329897880809,1150.767260757637,186.96322862080322
0.7727462908472946,1160.3738276442393,182.7879981238546
0.7567710575257183,1178.820070913591,177.91331628779534
0.7312414884692721,1131.7191297904926,176.87331554267644
0.7543324995080923,1151.2939076891817,188.57898825291343
0.7294849463271944,1235.1713958393655,185.53569531067794
0.7720164279684522,1134.6315108884519,177.4269999938221
0.7712274192974626,1120.1063932752581,190.8211231299314
0.7606401239764389,1168.4987510233052,178.70965884870216
0.7572332212249403,1236.5977751254923,171.48337825665607
0.7852237624973475,1190.1539096001554,172.41029301096654
0.7499937265477645,1176.7709460942192,170.21259163690235
0.726362517491584,1202.2179398757803,177.27589983396314
0.7589894782566461,1112.7146283570173,192.33724278336194
0.7917209409907423,1224.7352826887516,171.9490481896949
0.729704810136283,1219.171751570182,181.88475761018103
0.7427707446661203,1179.534576295214,173.43310654372587
0.7583289207620291,1250.2962255898208,177.39690958728562
0.7489219030198853,1143.625195052348,164.89958788014746
0.7303539283924537,1256.3954496626784,177.79461770843463
0.7724371571246094,1207.7246832797625,178.06294620195038
0.7964008144403452,1183.1723705060913,185.40287944035694
0.7539226291804781,1199.0063182315844,182.2328091325537
0.73191863420528,1194.636761709453,168.01607875047955
0.7190207894989304,1261.0141448208858,190.84198244043543
0.7551595196244236,1146.1660436264494,182.10303040221996
0.7720775468663251,1161.87403804267,181.98393517177487
0.7595033549299076,1251.815144603624,179.9081764661486
0.749951923181623,1170.223253240807,174.8224255277778
0.7382145669642138,1245.0266538665796,182.17802339748727
0.7281567273456382,1284.9717991504356,184.75588435928583
0.7666950265264977,1179.9102486529184,162.53104308654446
0.7682754324277117,1234.0681163287652,174.61239162653905
0.7190854042661854,1142.315385933007,177.4505302959641
0.7817967795636137,1237.7366649033904,182.56170605694277
0.76148142441788,1209.9711992993384,191.93311005927126
0.7779918929029159,1223.6519141080107,172.28259185403218
0.7231574450302977,1167.7213963982304,175.02038153182158
0.7226835168916912,1116.9458292216414,174.8746588935345
0.747020613804654,1225.1626032374752,171.9847240989546
0.7600556885379038,1096.8298423760273,176.52813504887737
0.7859272164585392,1184.1324753878732,187.7080221998797
0.7641215782763027,1247.0590933209985,169.46164504635655
0.7451463744637593,1209.5948867936518,184.27814395152905
0.7294726158466821,1297.4171322394907,162.98097769981663
0.774600011454383,1251.2554576290886,174.38662003557795
0.7307058914849857,1167.305080583721,176.70510699782014
0.7825693710954464,1201.365668992572,196.74859672914064
0.7443123070078698,1197.6314648727782,177.25197695247311
0.781811641452357,1120.8911618326936,157.98756526549082
0.7635786258011855,1152.9800541757822,160.0111109313875
0.7472600902111508,1171.961954651007,180.34029586346682
0.7396120725634775,1098.1889748572032,186.1377085578991
0.7431818424530784,1202.374673412582,183.75455857627253
0.7585663338475047,1187.546407767348,181.6757010580099
0.7515431299243543,1116.3553049344214,191.62259597505667
0.7381237718386259,1220.2106432638666,174.6040877926287
0.7466873717936473,1235.793637234548,188.94910556026826
0.751571540594383,1211.3517239432445,163.67985114973584
0.7074253181117037,1183.7965912395514,170.95052167061934
0.759163362295774,1229.5721075875927,161.92958605068185
0.7304055755056639,1234.0110180238346,177.25154699330207
0.7269333519358852,1215.3701784859845,179.53738782733657
0.7162531130577858,1158.769387478262,181.14101492226519
0.7141221500426422,1213.830038275559,180.61883352887136
0.7228910499377542,1259.774032541274,170.72446669188272
0.7358195808473902,1170.1685470694135,178.09759155586784
0.7890651827505314,1304.8969669566216,165.0255333139425
0.739482406482096,1173.7184533007307,193.6322897513225
0.7535550021253606,1201.6203506670067,176.96373927102
0.7580096277301266,1166.3757201996832,175.1111388095631
0.752621303724317,1211.163541796013,195.88940328444082
0.7484511307854801,1112.8889153682362,167.5775346645077
0.7260941247280152,1172.6979100591639,168.7441288596803
0.7790185509655843,1145.3939399825717,169.03779675131435
0.7861439328727577,1206.7669173946144,179.32128618300518
0.7163468261175463,1249.7223687754454,184.316316296376
0.7295194281822724,1232.3003093557277,187.39675468117832
0.7444037931524599,1081.4170319570553,205.7199531749497
0.7307092441017962,1302.103482646394,157.50567545799237
0.7601193110691173,1214.7639970310433,186.08735589124416
0.7354345559518677,1161.17504297535,174.4286942742777
0.7933011213561321,1207.856395949547,174.13584851111227
0.773810971886872,1208.8094911251346,173.80227871746123
0.7542514806126442,1166.6575641524219,170.91230329192027
0.7705397252663947,1209.8958333671037,196.8452483460345
0.7721180084871462,1169.6263856189846,188.42297327013904
0.7387210502388352,1179.7819003654988,180.23195978557374
0.7336756551091607,1165.6860432122457,193.51015752487
0.751562861259393,1128.3664355130174,164.87471034701124
0.7672327224899589,1207.2918235107693,166.69294868669073
0.7527812079730684,1229.264971825817,158.22032267805312
0.7184600703561801,1225.7441798038185,173.00585459876712
0.7339435111209831,1240.9962626317617,181.61698526704754
0.7485205427281124,1216.2170105007433,181.02858577932335
0.7484866879134834,1173.3637250891547,181.4934191105988
0.7894508435357962,1241.9831932215595,165.88943168933918
0.72228024115202,1132.1241230079033,188.0315474261402
0.7601117848367175,1154.966430874376,182.39627518238999
0.7797822621665658,1151.7899964288379,187.33054281466
0.7954289949084559,1254.0028029569655,161.07237822409948
0.7419120515363208,1247.1394257070037,183.1149085879779
0.759828589054404,1224.3652618522497,168.12234760082472
0.7613952071439729,1253.5964932605898,176.02676747448638
0.7539096346310659,1156.0358608794006,185.34364898636383
0.7480230959752139,1217.429755993049,180.91093606255913
0.758719507790001,1193.7412785808417,171.48460020220682
0.6993550782956063,1242.3441051942457,180.06273156184417
0.7636413898012526,1194.2387883723902,164.68464684756356
0.7525235580732393,1180.7528555794959,191.50267395898297
0.7455505020644347,1227.0454259280496,177.9471598050375
0.7909372439143911,1243.8084583595617,191.18549944255327
0.736501319624189,1166.58274025766,174.73468312903958
0.7419384802186993,1196.946216432381,174.76424011593417
0.7898310660440947,1147.0779683179173,172.35813213362152
0.7333587739030029,1075.0969491253531,188.76173931693074
0.7389976943412693,1210.0229815706864,172.90568842671524
0.747059491531383,1230.4452678127316,186.44595432415176
0.766814689642591,1213.1033404543364,176.17547602330708
0.7541560501470662,1102.5219141122816,160.2403670010838
0.7241474930569547,1182.4575284961763,174.29685932213533
0.7393566287374562,1089.0826119974458,168.20891785637153
0.7378529113357558,1268.4850553827093,180.33902723682337
0.7484555790955391,1145.6972708940957,168.0959226432551
0.7585168731725965,1262.7701804729948,189.25975100714618
0.7583641151177595,1247.2934821842073,179.08924139646973
0.714479764919032,1154.970482373197,178.22404005241262
0.7712788197512171,1143.3607524366128,186.55892137787583
0.7550513769199325,1217.5185108193168,189.63906934075862
0.7776906409518781,1157.7837981408466,179.79901248230348
0.7588839665458135,1205.1242321079103,172.2879970045071
0.7720264591547152,1175.858620459654,162.2603038388787
0.7593309062290026,1110.9420792767182,173.1395024296482
0.7769245151240549,1088.476599043777,173.8278775335204
0.7604450127203556,1211.33421242473,181.07057452992296
0.7480416950711419,1171.9221126834686,176.54853118861973
0.7954486944089376,1172.3455091542935,186.87932972051428
0.7677807424455978,1234.7931919546893,173.8701672872931
0.7614748884200883,1258.6721138316223,179.42958833147057
0.7244739116692333,1186.3727639319095,191.8398744319689
0.7242338476507293,1182.9700646545068,183.41825213954968
0.7558543096428371,1225.007151655694,179.39962458311436
0.7529104239553648,1132.1532215150212,173.98055558064823
0.7377175486998336,1211.1576527373848,173.66768603285024
0.7528196539922412,1227.5942985911076,171.49386747048052
0.7817725385608719,1234.0115104208815,174.589931342171
0.763908049491006,1103.1623648748769,187.55665838744315
0.7271798298049452,1161.932236509553,177.7811172870773
0.7477698234571412,1156.0868373588266,166.50226930618769
0.7339006703829488,1204.9943477204606,197.68169293059782
0.7422460016718287,1224.0372289883992,183.19965191145164
0.7417276866874072,1274.835520372299,165.93056599486832
0.74044708834792,1175.2517259815963,175.58151072759176
0.7248972925605321,1175.1213750845393,181.10886382828417
0.7474469063696362,1257.4836009439373,197.0459209329738
0.7387878472630538,1214.8288469265153,168.9188754174113
0.6914110261999546,1263.3825755593987,189.76040719355947
0.7910594404900333,1214.4364001504919,193.99486426972342
0.7717753930843334,1142.1441690643364,173.7134569492543
0.7424739855015001,1133.3435822611098,177.22486381139765
0.750376380994812,1122.4243875470536,169.6369075262623
0.7265669130536487,1233.1025917379236,177.96538858919695
0.7839144575562174,1259.4298411543505,179.6341002565707
0.7879457738954623,1292.468107069319,186.5964999808237
0.7531338745649305,1242.155266616162,190.90183471020447
0.7704706128837069,1258.1419288767493,172.51903935378354
0.7535057355786785,1170.9991833673157,160.32674935774006
0.7232654912224814,1142.1792091628072,179.78755220723758
0.7417635326207268,1242.5039666208777,182.9353752996864
0.7526385593354391,1220.8840376119701,182.49417687685042
0.7409090456251312,1205.3722187170447,176.73326752490956
0.7456269344512992,1219.3685740316496,181.24752099663934
0.7481720088498177,1216.1592741229103,195.15444808352248
0.7483824300426908,1264.190842992678,183.8173416896251
0.7510451698099496,1264.7492792408477,176.26631574996915
0.728787898672068,1227.2110176170174,174.99802182904006
0.7356596770174413,1242.2901436281463,178.30147642322268
0.7243083146860007,1225.7031276212388,196.3673996183064
0.769556310993724,1176.941513398269,178.16699290473804
0.7078870611631936,1237.828233745657,179.80205655479293
0.7730718068663385,1130.275246557037,175.17686429063696
0.7777269879452569,1252.694577614794,190.98983357441963
0.7439563882603476,1140.2738530116983,199.59837254744676
0.697937258243454,1214.2901643397367,184.50613049431388
0.7427737887606541,1157.742302078692,180.82772903785425
0.7487163167742236,1227.6694491537214,180.36782833174234
0.7297880356014217,1198.3037387036045,156.15693211214256
0.7396956321238352,1120.2622020918334,187.45150864284818
0.780603903977267,1221.034981550924,181.34166415995844
0.7632985432460349,1171.1039611583644,184.28342050660726
0.731508717712438,1244.0573360406684,172.88537805916295
0.7180480166080914,1200.0662844367203,176.1554312102291
0.7434596536478045,1219.7710492694018,175.88975063496827
0.7457308644129912,1152.1215522492394,190.2162298407304
0.7599239837472663,1170.533388428632,176.21240163396908
0.7392936657486469,1177.0680681949457,200.82660322109797
0.7602299915072372,1242.8351240121278,184.30862419015037
0.7887030808012045,1283.8688543902745,167.24317340004268
0.7663100204488853,1159.741412412856,178.71453706748042
0.7490382298533845,1253.842407232884,173.48324877843584
0.7463369905789341,1091.516129113715,158.05617530179975
0.7428665373164026,1140.2905299453855,195.9947094011379
0.7736128182490429,1152.0610771906613,187.03142542220004
0.7374537310809739,1132.3745655279638,185.3320731789931
0.7509044541799996,1120.820580510621,181.65403660299705
0.7510239580376217,1220.6499456068898,166.1798243130756
0.7399643161437693,1189.296615113607,175.16382860444563
0.722550689042318,1218.9702698802555,188.41780774784013
0.7564594900723534,1234.5236343060756,169.48779970217498
0.7487799205628923,1213.2808496586267,154.68230683749186
0.7600048093887314,1232.8881588075187,177.72893992219073
0.7393279938712166,1196.5233856878865,178.58242445972462
0.7744164259762609,1140.6503305847127,181.3556341641471
0.7324645243757631,1252.8907090410398,187.28518643514536
0.7842408056803578,1170.5443933609436,186.3760581223121
0.7150472698034348,1153.2201850618787,182.5876980524392
0.7586954012911378,1191.1041062097802,191.9553138808671
0.7595086136505325,1154.3594540351744,164.81030219186687
0.7340888586411823,1179.1284809005283,185.0458181447739
0.7584878787572202,1217.2026960781734,186.26538363336942
0.7755903733952032,1217.4170869623063,167.6043771391976
0.7056636232129188,1155.1084966787184,164.9712939131761
0.7600548961498163,1175.6147313525628,172.540578735244
0.7001345835933984,1253.716650238512,173.38458557484708
0.7306867039295358,1224.8200058866971,187.5341946350243
0.7825833272980189,1303.753251967427,173.85461216308906
0.7383643593321589,1259.0064086870764,171.43651481718797
0.7265224007118205,1257.2146534279968,173.8836626330544
0.7460412454203064,1130.60657247721,191.1863233415421
0.791358126763271,1238.193017581671,180.13043374376952
0.7133663550558795,1197.3446599151546,178.2074897464309
0.7289738017672132,1172.4509098230876,178.8999450129895
0.7799486336635926,1208.4007670266265,192.9206033432652
0.7871540468707546,1247.2605767305743,172.50828273396758
0.7479313755141943,1225.0415795502106,193.15508290940105
0.7252189459494671,1156.076309932897,182.10496298921504
0.7919168700361832,1237.122945679631,178.39580618024652
0.7818888478349839,1168.120622896202,205.00900497934282
0.7635789397552447,1210.8341559482144,169.44360510201403
0.7337519530212516,1184.8324966261432,176.46314240432994
0.7490194131832393,1189.0566874132187,167.67568760836
0.7467927983791034,1238.3121487520255,189.5246197053617
0.7566170260923115,1147.9903140092051,196.89188933651678
0.7790200287626268,1297.2597537138467,196.6992278140464
0.7675883408227481,1108.9456965352751,192.23948753146004
0.7284524784603048,1170.116615837257,178.02379532204034
0.7775299290003908,1218.5105944970871,176.34759022510153
0.7562626428002631,1229.2157083217655,163.28830227505935
0.7637413159171783,1194.9762139714148,200.35873535181793
0.7793308171855721,1197.1304648499229,184.68978078148467
0.727768395009729,1220.527504266381,175.08043095130517
0.7492834884258708,1188.446526127116,193.28056888986967
0.7393709089728157,1269.6590628967454,170.2723548324
0.7186428114926908,1241.9674557115802,184.06622034222673
0.7569341995520984,1243.6412175502817,178.27370865709165
0.8002311310316885,1151.692163831479,186.386771398803
0.713198445109885,1196.030578779715,179.3642646081388
0.7493543877790106,1184.9767025639649,165.49072108888777
0.7628108587014955,1149.7199312155267,180.75576372670037
0.7524615640331236,1218.0082091972884,190.48864141875362
0.7477374389496851,1173.1177121110093,179.70783594146016
0.7240156727310835,1232.770191492512,187.75115121589087
0.7546557348588032,1146.4904218552833,169.54470514325948
0.7348647204596814,1285.9520306420911,179.73739206730147
0.7062015659004289,1155.1833670703968,173.75489544911423
0.7738918444102746,1210.965116860022,187.4698084010471
0.7691677163968409,1239.5929655194034,180.31491562261996
0.7510332195370216,1171.4679784899943,186.90073676336613
0.7545814937641141,1242.6234321716474,190.87710426157867
0.7714863602543113,1138.5408201099792,186.91618575121387
0.7544867931355617,1272.605884959128,182.73118434293644
0.7680803510952263,1200.707463248288,170.01787741488596
0.744050355982523,1170.179429601556,179.972138893331
0.7762396747714789,1185.0409113786284,174.66909597984167
0.7564157145186536,1240.445963469636,176.55936043295773
0.7538810388721174,1170.7772354074782,176.2546584924975
0.7245987782257594,1162.5321155288611,170.20074425217754
0.7557391170860341,1188.923170120813,160.4266141086601
0.733360901650111,1141.1518943615015,173.31856951672233
0.7372343454694301,1291.0271953970907,181.9337945192416
0.7336924874336775,1171.680270439264,166.5182295457251
0.7286753013620155,1241.5808393090201,180.15682236471625
0.7924954280603392,1210.4735041823885,199.00268424310966
0.776626781239768,1150.7732974759017,190.2305655525224
0.7884073500428852,1199.7022645393636,196.4354150912053
0.7255420996088887,1239.2001389655375,183.91127876932725
0.7514250749982179,1190.5869332456846,191.67509822986446
0.7241298474959181,1259.6556472925513,172.76035269532213
0.7360861024560588,1251.075769639093,173.55659732978015
0.7316374603316685,1245.9457427329164,152.60859793862528
0.7747916801288313,1177.0171613863502,191.861454740423
0.7420754064379648,1146.0078776109256,195.40323979819885
0.7713675866738803,1169.3206197318602,174.4682275465273
0.7620824177917703,1209.812047033336,177.46048293602766
0.7960727750420957,1227.2893356766178,172.46137886309037
0.7204111155372055,1091.4214297619776,183.82653551477492
0.775184664795736,1199.5943399194125,191.2493254530324
0.7729288174080146,1207.9044612661592,162.57228026118958
0.7305324232394593,1186.1227871842225,184.0943853064225
0.7701426667294632,1264.563691950794,177.23328228280855
0.7567228992605246,1221.0890037125434,181.1339439196669
0.7454504748009319,1265.5095954040448,184.5899400167429
0.73352129026056,1189.2019739824884,178.11797561227178
0.7356178109710163,1246.8738746253462,178.9641314659422
0.7909962419157185,1281.753319726376,177.8612483244536
0.7500136563791496,1265.584672463633,189.70316201788282
0.7656426000306292,1145.3929203285634,184.18759960127497
0.7341820123666489,1187.316196122881,182.2058353773736
0.7344029410755673,1182.7417647275101,167.29048278907717
0.7716396961849988,1224.4627267538165,176.21420256786845
0.7230084757689693,1234.3176777507267,188.98669160339173
0.7416957246418946,1158.0553662987131,180.37696573123924
0.7506805482214446,1203.3919256958468,186.59531469589137
0.7522274520368011,1099.0036333921933,197.66511800327635
0.7464181342996768,1272.0972502900945,190.38606069208817
0.7579163956219185,1174.3812879661652,180.93158337699742
0.7638571151163562,1202.793196992225,174.89010829804272
0.7646927509091866,1184.517514300597,154.464504039441
0.7302839238266434,1257.3013787506707,178.31615077527147
0.7443168980414241,1058.124677930131,176.7398750418315
0.7738952572375387,1199.1694828837046,183.90366194395375
0.7678929437514774,1194.709062125115,178.4609477302531
0.7225428109703788,1177.318180620416,176.79614940563206
0.7570295980070441,1286.3113272817816,162.20601069492778
0.7104354950125038,1155.6335270572115,170.60032170849934
0.7509386980412074,1238.589808861783,184.7665104080056
0.7879553403349195,1217.8126394353042,197.15907631132694
0.7310421456546202,1263.075962626776,179.02474616254378
0.7333135390901684,1166.6405457611247,183.27811073574122
0.7652805956314572,1163.3515550438121,189.52478156952805
0.7191439696958071,1254.80349537387,171.8910606379975
0.7373448994022992,1221.2660654165056,183.66814043285441
0.7619288227516351,1122.7531326661622,172.59509893667843
0.7373142830462119,1173.0347492768365,188.6482443849101
0.7452806002557806,1219.319132692403,181.51403047951732
0.7648837142063007,1241.8882110773295,182.98451813981438
0.7584309216707312,1166.0384673403523,172.1740140258141
0.7553363679259081,1054.2872005091529,187.07032359610784
0.7432175544145992,1226.1611592868517,200.84712921231016
0.7574012223053791,1138.9839655028013,169.92088304571794
0.7475253463980048,1099.1330600938795,176.60240992352476
0.7591561121985156,1058.3837037507928,182.31607474168092
0.7400613594976404,1240.699043009887,187.86406211995816
0.7463486205124091,1206.4308725202484,174.40453714710532
0.7302008441489597,1188.7171809643874,151.6696970985726
0.7492998477998752,1269.4512181481382,193.59189494164025
0.7337799827274231,1231.8662341511535,187.60506119584142
0.7277190709967601,1280.815002136096,162.57052469513334
0.7551732229571078,1130.3632263916502,173.92431208220444
0.7542547955171532,1198.2724688023018,195.68182429527326
0.7656574746989715,1119.1643312525994,194.47796418457867
0.7413774886084981,1188.5308834072266,189.38640022678945
0.7581610569367351,1187.569207311666,178.23887566040136
0.7610159514454733,1231.3306818631536,180.8298741881251
0.7588954761566319,1202.2781940570949,178.69074194873875
0.7334869263439572,1231.1703569139959,191.2823978326884
0.7529872696454237,1235.1720066569446,171.2415759350489
0.7572828059210932,1307.746433869157,171.94200345115794
0.7501435693381588,1184.2351672356938,190.10274586836016
0.7082704468325783,1152.948864966681,179.55638544488437
0.7532097924794696,1212.3041807658205,193.78467355453807
0.7942506207879448,1159.8859986430227,173.28487793019454
0.7427992146248603,1274.098038421827,179.45221639661176
0.7354384580428935,1185.8390980527383,170.77587015156047
0.757466971194228,1171.7211816063004,180.07362681423567
0.7562475642093315,1176.434213942444,165.214530630012
0.7738547033083283,1235.920871173582,175.12366579045036
0.7248426368818223,1192.1126508384257,165.6374613507188
0.7646276050514998,1167.916658993481,186.9392323319126
0.7618084412250292,1283.2675958811765,187.1658933975965
0.7471570692611891,1157.1915079669125,162.69737269515656
0.7567737463584338,1201.7783037016497,193.33885745500572
0.7705891496319671,1232.6153075805116,204.97415126419855
0.767446307600569,1118.4332444791464,180.4600638673634
0.7271396137585254,1224.0130250702962,173.58885739775354
0.7664031637351096,1147.2446162259776,208.24330591003047
0.7487062278993496,1241.1391390417002,166.8103150169749
0.7514574819603103,1151.8674494040513,180.20106466869098
0.7514639398200339,1234.638451592443,181.79622272631923
0.7469951402240348,1255.2916533147356,193.45147620452414
0.7738341499421413,1243.0718262816401,183.59738975126788
0.7483256408030158,1212.5658324119051,175.01366104211547
0.7276090774323366,1188.434952853515,170.48815629612045
0.7421294028806055,1171.1790211832579,176.58178179753864
0.7535738943362095,1273.5517345408553,169.93072639054856
0.774584295685941,1165.025238991618,180.47825319784684
0.7620618936989767,1148.1466963215003,174.35803820139515
0.7329892944250591,1233.2684467516415,165.05962206710248
0.7997037983335779,1160.1931598406752,192.55145788374904
0.7552955062195595,1152.4968251266937,175.0232747657096
0.7755078147599803,1127.8197868915117,167.31863195024687
0.7469657113284555,1175.8545080269741,178.31740865512458
0.760667184894109,1195.8642488051753,180.68371565967658
0.7667893700903681,1212.154586383035,162.53533274420965
0.7743638942350851,1247.5653122149743,183.31647667125762
0.7711473661075645,1226.3448961832896,169.52842431309736
0.7674439400014595,1190.456389022341,197.11028809190788
0.7436982653761178,1190.090216181014,185.23960512076735
0.7385650791608788,1225.507873445759,176.00100009890684
0.7566521502064839,1263.6285081464284,172.54832229682648
0.7686625614468214,1206.31570997416,178.95032292436377
0.7455455859844679,1176.5434572894796,186.1279074158329
0.7713034393142877,1150.3566999457228,179.745058714148
0.7790523349097236,1127.7397367793887,177.82841192863143
0.7316735816185316,1233.3134836021761,180.58370290817896
0.7332615859240744,1228.898926181978,173.96141068763046
0.7471924988218933,1228.868176255333,176.56794073156962
0.7561522533637839,1193.567027682397,159.14207561094997
0.739508659724659,1270.3467372945875,189.73726230852367
0.7770440535773429,1175.794075270759,182.98797780321763
0.758481337230369,1247.7634618603602,172.2654415596657
0.7507889409648147,1198.062855250523,198.98734981355238
0.7212818095226294,1169.582461766033,180.87016480392387
0.7236836836714499,1229.626515365888,169.63856428024803
0.7556201850056361,1220.4818059341997,188.56737421470459
0.7073480874769033,1217.8486379633464,183.98048216509264
0.7702527481928815,1204.06392110281,183.9457998548422
0.7468369231125536,1198.1053459141585,175.7424439534841
0.8148618593918947,1319.418599643522,184.50495723778036
0.7961583250123222,1259.2128322598087,177.38241709778904
0.7463710186150496,1236.1413447492755,185.55941451645842
0.7478732599493737,1205.5899579101695,160.95055545989362
0.7699116302800406,1250.3578600298335,175.6612653702081
0.7840634521983607,1225.8997388195726,197.22155097808195
0.7172394188512796,1201.310237638702,172.329325445997
0.7142724906929063,1184.8217837367042,173.96161702506814
0.7375593038889123,1195.9541331168655,175.52038661550026
0.7616547516634773,1041.4787132060972,167.85193864111358
0.7599374718101519,1210.530041964882,157.91719223771747
0.771395429099677,1175.576195994482,177.69413601476387
0.7260060494326939,1279.6334999141443,181.35859424081656
0.7036771227406224,1200.9672035405877,179.47494931461347
0.767160283906043,1140.551829023252,178.55121438052115
0.7334360745406953,1197.505992293594,180.43040870850388
0.7096302427122272,1147.6939457468748,190.22841471550765
0.7529012749191877,1223.6703707856234,178.09553814070784
0.7658635137643736,1214.5473682169743,174.2591742291273
0.7475588573575744,1247.8919815554134,177.18874515111915
0.7408430322763502,1160.4559104152718,185.79346759756777
0.7468127553570819,1201.7004048114075,194.1202687854325
0.7425883447519843,1131.7489102286681,173.71856260830822
0.7230390577611967,1235.0747390962358,180.98933787028884
0.7357063864601914,1225.9435590220062,183.3835744193596
0.7604255981002763,1224.7902510513786,170.07421993271177
0.75643357082753,1200.080951567847,180.20417167212918
0.7533611961193364,1220.7386445394395,165.34326142657906
0.7300970303629324,1280.2169554154298,162.309496962606
0.7463699367572867,1185.7452871478993,183.66746407892256
0.7064586990711429,1206.9322591855043,176.16125258669217
0.7535695332777078,1145.6936850409295,182.0228040762122
0.7785771541562714,1156.5869519200835,179.8210502299165
0.7205173573591579,1204.8906646546654,170.23599951336203
0.7382814465336449,1255.1966773350953,179.54745698035663
0.7565821355742026,1187.1859587874214,167.66898694985144
0.7750568526885496,1188.2041735343937,193.909723580014
0.7410355076739971,1179.6557377747813,166.44029655140037
0.736154993414682,1173.262166457784,178.04214729031418
0.7106215371516783,1214.7485727854412,169.57728411952752
0.7520687625861622,1125.1371177410679,185.70421173360796
0.7908415208028748,1264.0469788333364,176.68568628718498
0.7555471692392935,1166.728885093527,174.8133328037879
0.7495544204163257,1236.0951742719071,188.53201545051553
0.7564416462153397,1136.5000701303063,180.29430591677553
0.7497781599210279,1233.442006527311,185.16644445935967
0.7337397125547974,1233.597230390725,170.18674063482536
0.7664655983135541,1219.2101036002948,165.95183056072494
0.7545152304622351,1150.2785739100104,181.07207962040133
0.7503522650386731,1212.4774094799038,176.8115364450527
0.730492679454435,1140.8471907632807,186.26434672453945
0.7760701586386952,1187.3618372451908,179.2009154733745
0.7632940549066622,1251.4706550477663,182.0507533923463
0.7389415832526539,1239.8350963535372,163.76617470058756
0.7700364970736387,1200.7591471270216,198.88436939614257
0.7400485832322958,1151.2596712038578,178.35758014967968
0.7343599301497793,1232.2793856087096,186.975869703392
0.7348059376503943,1200.9690618849013,171.63908329780372
0.7145786289382382,1083.9842200884789,183.0800990221734
0.7594308476083641,1239.131491315826,166.97155236475254
0.713377102433233,1198.7883583065154,184.5206783825967
0.7254311233746847,1260.1225623991536,176.44025915614168
0.7084882398184293,1145.2364740578598,180.29190503935567
0.7482786061441822,1041.1648093402,186.97974030130098
0.7469935907945625,1213.9541929172592,167.6745968877972
0.7434660757362728,1214.5781838340986,173.15508269387203
0.7291484461065885,1115.4664186196774,184.57324281086767
0.7265553249312672,1151.0750227066696,200.98221474546747
0.7592873972709315,1337.760887185995,178.61917665338518
0.7389889613658303,1184.71946929231,185.91136117923932
0.7563271664307228,1236.5479488188107,178.9302853014152
0.7322950262775155,1167.4670086315807,199.42245594756298
0.7536212548554216,1095.4848550573422,162.52778333034743
0.7760655607463213,1191.4870876602047,180.94621044669358
0.7617233160078557,1186.7197719856947,163.74455966437938
0.7417517236356704,1180.0060880665815,154.93428429463285
0.7551439794071185,1194.2679582246803,182.97462053117818
0.7451866965093957,1213.2134135822819,181.39497796147458
0.7501576036938946,1192.4941524373096,177.15163062257798
0.7434877789570299,1136.7996916026318,178.93805909960247
0.7467132958822922,1224.309239578097,210.98299434071257
0.7542418670614836,1102.5314122338789,177.41824861968567
0.7301328260083609,1097.48212713579,185.10124361250075
0.7296824234602004,1236.9590247350784,173.50635180386118
0.7222291489233758,1225.3510136067678,182.95232575040603
0.7179945779099258,1197.1302317462983,177.61766324944384
0.7256543461555904,1130.2275747622464,175.8948151727027
0.7531892501360826,1164.6044529662963,198.18898532200325
0.7321442496901623,1186.8626626156747,191.7718496318434
0.7602722892846219,1120.2053015712943,181.3674664739923
0.7506942749750513,1163.0485670988382,156.95788064056035
0.7106299157312389,1232.616516908834,176.3899077674743
0.7630995116844338,1271.365268214461,207.03027564405085
0.7662159729118342,1179.0282623670726,177.69338333360292
0.7301227465033029,1237.8244177158049,191.03217572053657
0.7584038308578999,1104.2969964706267,194.41942401952602
0.732870035251816,1232.9725620556806,182.18963915855974
0.7519534075349668,1159.802579263626,171.58178368131848
0.7247100318609007,1215.3672808353986,155.64687668217113
0.7141378709493085,1187.6123790880144,186.84163208608953
0.7423436562077407,1266.0207004891918,171.8524399717645
0.7475254210745033,1156.278217583004,181.76150451887693
0.7420464061277079,1231.3803148780917,167.50179660410635
0.7263193888355488,1186.0246268351734,177.347624595298
0.7420020187573773,1192.0847260995167,180.33719054901053
0.7553858950516147,1190.8073053420396,182.68593581044297
0.7491021393975492,1157.7163447752944,168.85177812647586
0.7536500206119843,1199.2950517046663,191.96910948761354
0.7365976959909153,1196.867588893909,174.03105215268027
0.7734343582943232,1212.0620124203365,163.25530539546756
0.7264765332689044,1204.225257284643,178.90976580036536
0.7597512059417344,1239.8997274806118,180.3437530902646
0.7736378218591993,1246.1754308023685,181.6058943317176
0.7596181618549779,1147.46883390861,193.62132403685078
0.7459495154587034,1243.4386250295386,177.6355116326414
0.7394340590667404,1140.6831786445073,178.80380375631228
0.7707217530209252,1229.3927944068867,168.96815618766905
0.7215405014947666,1230.9869392351434,188.20553502887896
0.7305975147924071,1104.4341554168748,181.84309064078104
0.7420488446901655,1204.6489623264704,175.79972272705837
0.77475307515024,1176.5751943319842,160.95325306534536
0.7575953527208179,1162.0617371032313,194.44412195055088
0.7306390848297951,1267.5426165349502,167.72320035543942
0.7437938458923019,1167.316042968129,174.08721990630295
0.7377135371180741,1159.6811535440975,183.58344511076004
0.7358042201553293,1203.7847470002546,168.03442071383313
0.7695777911711356,1234.2794873149207,165.06490221746856
0.7225651374147299,1192.9175706994936,158.76052417299334
0.7821756171146874,1258.3185272834626,187.20996952905637
0.7665645938036925,1226.5487830982045,174.5481375527368
0.771817233412074,1091.0894340134284,209.2727009247333
0.7407412097594949,1173.5266518246497,170.05644934369127
0.7470011856184178,1171.9078950324151,170.7854897657108
0.7213369637095057,1223.9680476714711,174.34607029714599
0.739506751858664,1068.7591471812943,182.43134655138488
0.759873096952863,1327.450485435886,175.2979666121469
0.7759212612356279,1226.5513047447105,186.12332214002512
0.727856863663951,1207.4438401958846,170.21411610011344
0.7426898812602947,1259.0783858209572,166.18408281536418
0.7469740155953496,1317.1827026406313,162.01785260590893
0.7220842159561502,1243.5373322294201,157.76425832062802
0.761826984835168,1247.440654823581,174.81930980524942
0.7355201933651478,1206.5345012232192,176.99019687606778
0.7460921929764596,1192.9237123316525,173.68562972516816
0.7409610125617625,1176.2102277997549,192.43405797187162
0.7342132298856066,1158.6944004142729,192.28030209608136
0.7498591002903889,1165.649295015025,176.65197012555498
0.7456878084286396,1132.4722017828508,162.06078886808038
0.7425628423544267,1196.206427465749,174.33294891944948
0.7354307675663931,1115.7666211386806,174.00178606082937
0.7563904934156591,1209.5458262071854,173.4286503772194
0.7830723453698457,1198.183469597883,173.02281096101754
0.7527977446567825,1207.3467649193344,173.46537104275194
0.7699223642982226,1173.8934214990004,176.1345838410224
0.7221955614969308,1353.8430185090251,173.64458901184443
0.7531552287858754,1268.0057950090156,182.0832250862559
0.7280526336205787,1137.772874995764,183.6036871590486
0.7204615014493619,1211.643404371345,170.8935491281751
0.7352125718508192,1169.5996928531338,192.71065326007033
0.7738379866882714,1149.2760136646293,170.19937698159384
0.769000316573393,1132.9963964438032,163.82199386184664
0.754860094441088,1221.6108345379628,183.80778071365052
0.7193459888022014,1165.9309882465213,171.8259186558566
0.7460743869722413,1248.3913012012601,183.21291470757387
0.7560340001780347,1249.689110726522,155.96331398899468
0.753510724591572,1268.6957192605726,193.92455941483067
0.7131241283303851,1157.3806616962947,186.72293408040403
0.7321936430396025,1223.7682805346005,164.99523450836998
0.7487184447170256,1231.622710832115,165.21222876153715
0.7607258181903438,1176.2910912448017,196.7226590409753
0.7060774435780011,1161.4114021303562,172.62620096502042
0.7467575204904028,1280.4760332887986,171.65815151267375
0.752860975397579,1211.3747937866026,157.33947905850718
0.7669922397703243,1231.798387535587,176.49221794398446
0.7638571516847488,1158.8961994086037,177.72280385164248
0.7616514263761761,1139.0357766738903,187.15493096769484
0.7340011898659613,1171.5275112753945,166.00921571815525
0.7118399572575338,1193.7989306305,164.79713207759391
0.742138944858772,1146.7889996591325,184.50962634776477
0.7700326365041712,1199.507759567481,190.06730071227065
0.7778690905504886,1115.5747405965749,164.28847648882117
0.7642109820459557,1143.9976288765065,190.81514086299742
0.7585868164560347,1233.5455624138438,180.37541841486822
0.7575927929677193,1230.1895260138947,190.91805339074645
0.7388776250647844,1180.4061617306568,179.29779638482384
0.7473987941289276,1149.1117845461524,154.77722082512048
0.7833813905165267,1148.6298224236994,178.4803261768396
0.7311488398841625,1181.3365877029344,190.6014381867127
0.7822955758141971,1232.2259245822645,171.06253980916284
0.7435594369101588,1246.4122845672161,176.1203503109255
0.7765086421819015,1175.1734132259016,178.23866496449023
0.7218636998100493,1142.325378700761,151.00486120131518
0.761718084023293,1213.3921818933168,196.71347575437477
0.7352645972810475,1158.8232514687074,170.98624320102826
0.7216946561615163,1174.0873680569398,185.05735432472798
0.7543706808482189,1266.2638045218519,179.1329886385179
0.7701894357719193,1241.3557714282883,192.5761905635936
0.7331011712281301,1207.8987156125727,184.0605612242808
0.720019680790832,1136.4040499443638,177.65075728479025
0.7481631047133009,1210.569828373533,171.0648490748072
0.7482512934244564,1253.1328645393762,187.9785070138214
0.76096639255109,1181.2183167117232,161.26558696045385
0.7689918914272897,1267.5557044993357,186.45890420275893
0.7488116963745501,1264.6372644759103,169.00955248445126
0.7871100662958852,1283.1866416071737,192.5228366195664
0.7544846948907058,1215.2621563265677,181.61299542662695
0.7430714698798621,1229.3695849903006,186.4412376785011
0.7177686528179434,1270.7093644165545,180.8198881382472
0.7447468095936767,1222.3696968534489,162.47622904859003
0.7432722610917772,1174.9382946104893,171.3927083660466
0.7692060959256294,1177.5728581736068,186.72389337611384
0.7592496724813371,1211.9277476886868,181.66655817359845
0.7264126175673477,1135.4719289026891,191.8098990530567
0.7534450877282207,1192.8370542317903,184.03274563037172
0.7634306234345811,1254.8273559115128,170.3329810929734
0.7805606271877567,1090.437307441736,172.03935862279366
0.7677500793482812,1276.7241050897258,181.02917390523237
0.7652169330862295,1256.1187109351579,156.85955933999895
0.7512017198923032,1177.0117692084762,196.73441885622987
0.757766240108469,1227.1695413935904,184.4174673637756
0.7749900980141232,1200.1573863453164,192.27034597048873
0.723344452050407,1261.4995184219342,164.1939605919083
0.7430112134556609,1249.1341571384971,192.44565160355256
0.7345486250248752,1129.9964638408496,202.31498911027748
0.7575830623745224,1229.3631206732089,166.79121644622683
0.7746044435130157,1189.7186073178377,187.71401794903767
0.7380605142655785,1204.141628525905,180.01109944687292
0.7021939126506113,1163.5914049515093,164.55566151751756
0.7417555850995106,1287.4068534560417,184.9288397185187
0.7682694746403481,1252.0030909951288,188.33603204837348
0.7607525980589976,1163.0114418013516,173.98873447331152
0.7585637249562115,1133.2694696544884,191.65916520255223
0.7444001339625104,1180.7163684511077,163.33236593210802
0.7244193852756042,1221.7251323045652,165.05243853550357
0.7603058864324893,1212.0102921973112,181.3659739558875
0.7333143637993075,1262.6566412384122,180.2538527797227
0.7936819346676092,1239.4959861090426,172.83426511575894
0.7614101441670903,1248.4784512876454,188.09594435971886
0.738387033948921,1216.342770030522,185.3089431421595
0.7377722950522274,1130.5350634894505,188.58139070934016
0.7481411158677282,1190.215073442655,178.76863564647732
0.745209961559565,1253.0044869954334,186.0258026797834
0.772336675510599,1197.4238535737677,175.54349696970004
0.7537283233948809,1225.1545184311874,200.53818690086595
0.7353673652218294,1184.0625842376933,171.87454229878014
0.7878088137031156,1148.5094075729078,201.05297429458312
0.7509861666304044,1193.8327967976945,180.34887947089408
0.7653767935193779,1215.4523721516327,166.2448911043126
0.7378354698511048,1167.2156140269278,193.68079350488603
0.7572623125548905,1188.2144377571665,181.2590138839496
0.7562221998228639,1153.026837900701,188.51124098380237
0.712207014158077,1255.9622458782048,192.23855918542594
0.7903055022092128,1185.2772121205983,183.37955554145026
0.7758128892184509,1272.6377772563092,174.07759155187185
0.7420560936770803,1276.4373925270454,189.7571337766925
0.7279546051908828,1195.9477017639128,180.00755507454596
0.7569512322760711,1149.5775633726325,186.8585781860842
0.7517339539882879,1095.7051061133332,158.4626942620854
0.7571133789712646,1126.3981463486605,184.4698171700985
0.7538315479238817,1131.308258755067,173.61414174854968
0.7601248197861186,1268.9234813730752,196.5330963717853
0.7789461139878361,1205.7912293613474,186.23087347889094
0.7613620641025729,1219.4802262045994,182.39857745849298
0.7290068900218012,1088.9789495532436,184.8630999335022
0.777251257054249,1140.1016785391369,170.01559147123282
0.7828122912697657,1244.3539888223142,196.23256690528055
0.8130411346902418,1214.3387056191293,199.91370418416903
0.7275301193352081,1192.6397360657202,183.92913510548217
0.7548576402630055,1228.242117930006,195.90403568573637
0.7083580259362202,1281.7898903067908,174.30851801327466
0.7610629831275841,1188.9478768231475,172.02886433775018
0.7390359940366645,1203.4684901329035,180.40924748728924
0.788468915896499,1209.6298459365653,184.349410383679
0.7345077005996283,1319.6054817636996,176.0601331875688
0.7162163392406548,1095.0321867790487,185.37768190368485
0.7405747251859496,1234.1611507394405,183.06389482073413
0.7104902445756572,1194.2598875620467,170.01693224708944
0.7650219890901462,1228.338586309209,185.18793017451722
0.7086983390748736,1167.1313723002638,188.63528242521522
0.7505691516236632,1197.5517484570776,181.7146931759039
0.7084437636028761,1235.5705289732748,191.5264810326169
0.7435940439092672,1355.645510052192,167.82596206503047
0.7828675631160906,1240.4018094701037,184.67950422131852
0.7572129578287159,1157.5967200984746,168.29719293603225
